longitude,latitude,altitude,altitudeSmoothed,inclination,inclinationSmooth,inclinationSmoothed,distance,cumDistance,maxSpeed,theta,timeAtMaxSpeed,cumTimeAtMaxSpeed,cumTimeAtMaxSpeedLim
130.905168,-12.444462,30.75,30.4654998420687,0,0.000288754853808878,0.00162981067286254,11.9812405437914,0,100,67.626382304387,0.431324659576489,0.431324659576489,0.479249621751655
130.90527,-12.444421,30.75,30.4689582664835,-0.0283910640824067,0.00181978786816642,0.00179884303089255,52.8394229878278,11.9770257470825,100,67.9927590787846,1.9022192275618,2.33354388713829,2.59282654126477
130.905721,-12.444243,29.25,30.5650783465566,0.00844398427590768,0.00244448684890629,0.00301830312282354,59.2302812004298,64.7963546643942,100,67.007999943402,2.13229012321547,4.46583401035376,4.96203778928196
130.906223,-12.444035,29.75,30.709822435346,0.0249274223584048,0.00218610369120877,0.00354301903892667,30.0889196855602,124.008700415874,100,66.4704539591987,1.08320110868017,5.54903511903393,6.16559457670437
130.906477,-12.443927,30.5,30.7755829758385,0.0174658512865325,0.00313031767204872,0.00394801545631894,57.259310549476,154.089815048863,100,65.561794547829,2.06133517978114,7.61037029881507,8.45596699868341
130.906957,-12.443714,31.5,30.9547903634668,0,0.00370291765438005,0.00414716801066463,14.77992714645,211.33857413927,100,70.2001229267044,0.532077377272201,8.14244767608727,9.04716408454141
130.907085,-12.443669,31.5,31.0094897001957,0,0.00369130569695751,0.00398576609924572,34.131317735171,226.110462641527,100,75.4589469026552,1.22872743846616,9.37117511455343,10.4124167939482
130.907389,-12.443592,31.5,31.1353693946466,-0.021820473561772,0.0040802632478804,0.00387903908543261,80.2245437388236,260.21197929987,100,69.1220350596841,2.88808357459765,12.2592586891511,13.6213985435012
130.908079,-12.443335,29.75,31.4625560149492,-0.0185965892412024,0.00440109921452596,0.0036878787599645,26.8956517889555,340.399159561623,100,68.9092372763964,0.968243464402398,13.2275021535535,14.6972246150594
130.90831,-12.443248,29.25,31.5808739551373,0.0239855336324683,0.00504636655642409,0.00364438978067717,20.8460601957988,367.282710804889,100,65.7444442862671,0.750458167048758,13.9779603206022,15.5310670228914
130.908485,-12.443171,29.75,31.6860507189893,0.02120514426488,0.0044421280099822,0.00320561756215336,23.5804128433728,388.124611580514,100,65.774019211496,0.84889486236142,14.8268551829637,16.4742835366263
130.908683,-12.443084,30.25,31.7907774620729,0.027221291875948,0.00289965609297682,0.00227987823872816,82.6895458600329,411.700261360809,100,71.8093589187072,2.97682365096118,17.8036788339248,19.7818653710276
130.909406,-12.442852,32.5,32.0303925750875,0.0132597754026032,0.00223458245108036,-0.00125268539404304,18.861401100343,494.335730454145,100,68.9133593943989,0.679010439612349,18.4826892735372,20.5363214150413
130.909568,-12.442791,32.75,32.0725210263281,0.0266128826523583,0.00149406057182113,-0.00193618528568043,18.7850500160366,513.188640132806,100,64.3960719047076,0.676261800577318,19.1589510741145,21.2877234156828
130.909724,-12.442718,33.25,32.1005846706453,0,0.0012018255336576,-0.00269743286174808,8.33926946183461,531.972097755025,100,55.0481214380573,0.300213700626046,19.4591647747406,21.6212941941562
130.909787,-12.442675,33.25,32.1106152295229,0.0270192248986069,0.000920775947755718,-0.0030380210336493,18.4709336763896,540.318196059134,100,47.6893883500336,0.664953612350024,20.1241183870906,22.3601315412117
130.909913,-12.442563,33.75,32.1276503616032,0.0209792441444408,0.00101495817796472,-0.00379475110730035,11.8875878237276,558.819034734855,100,41.7032108404371,0.427953161654194,20.5520715487448,22.8356350541608
130.909986,-12.442483,34,32.1397433809108,-0.0335774410183838,-0.00064983896657711,-0.00430248472573739,14.8424660879433,570.733826317068,100,36.2184872052273,0.534328779165959,21.0864003279107,23.4293336976786
130.910067,-12.442375,33.5,32.1300702968278,-0.0198975568694416,-8.66095229376681e-05,-0.0050436911347876,12.520782130274,585.619179795224,100,31.8193133693646,0.450748156689865,21.5371484846006,23.9301649828895
130.910128,-12.442279,33.25,32.1289822475074,-0.0142292023242854,-0.00131264242314305,-0.00556490317672809,17.5013255823578,598.181878222902,100,26.8198447963921,0.630047720964882,22.1671962055655,24.6302180061839
130.910201,-12.442138,33,32.1059213169723,0.00875719295370424,-0.00139939395930892,-0.0063882233699441,56.8589773336358,615.750194531753,100,23.1835240716037,2.04692318401089,24.2141193895764,26.9045770995293
130.910408,-12.441666,33.5,32.0260236198712,-0.0486835786075514,-0.00181203230179403,-0.00885688912268939,15.3289669862538,672.844656327119,100,22.3900862823132,0.551842811505137,24.7659622010815,27.5177357789794
130.910462,-12.441538,32.75,31.9981301923238,-0.037217688517702,-0.00202065130627674,-0.00947316245018269,26.7444847524726,688.238088878397,100,22.5875600579629,0.962801451089015,25.7287636521705,28.5875151690783
130.910557,-12.441315,31.75,31.943862421359,-0.029619896781336,-0.00222721503707268,-0.0105527438040386,8.40268112712054,715.094626142999,100,22.7096751363055,0.302496520576339,26.0312601727469,28.9236224141632
130.910587,-12.441245,31.5,31.925069586287,-0.0250422658920563,-0.00233418795935014,-0.0108842766315987,19.8784573922301,723.53243016523,100,22.3811170181817,0.715624466120282,26.7468846388671,29.7187607098524
130.910657,-12.441079,31,31.8784742771298,-0.0266518426335107,-0.00352161175762498,-0.0116775581568457,28.017394713028,743.494500634597,100,22.9428406889328,1.00862620966901,27.7555108485362,30.8394564983735
130.910758,-12.440846,30.25,31.7793969122934,0.0257133307735299,-0.00430953348355245,-0.012765617930884,19.3523037163197,771.62848077706,100,17.2189096717087,0.696682933787508,28.4521937823237,31.6135486470263
130.910811,-12.440679,30.75,31.6956152667506,0.0183863731740668,-0.00354543922435862,-0.0135413472749295,13.529113809731,791.069361604544,100,11.0509882759754,0.487048097150317,28.939241879474,32.1547131994155
130.910835,-12.440559,31,31.6474130667635,0.0263818933556782,-0.00371169196739624,-0.014072590111056,9.42579546702601,804.66485569349,100,3.94320923661649,0.339328636812936,29.2785705162869,32.5317450180966
130.910841,-12.440474,31.25,31.6122483441202,0.0416082011123701,-0.00392380992367313,-0.0144431813833427,17.9227025746792,814.138853392625,100,359.309286184576,0.64521729268845,29.9237878089754,33.2486531210837
130.910839,-12.440312,32,31.5415609797075,0,-0.00412868513437892,-0.0151495071422943,6.91373066525586,832.153742750954,100,352.818422099888,0.248894303949211,30.1726821129246,33.525202347694
130.910831,-12.44025,32,31.512872241761,0.0209216200221046,-0.00414282331756055,-0.0154227246705386,11.8885183887116,839.102341155222,100,350.584637055207,0.427986661993619,30.6006687749182,34.0007430832424
130.910813,-12.440144,32.25,31.463375088388,0.0350055421526862,-0.0063639166825623,-0.0158909004524486,14.2134435190153,851.049959097304,100,341.831433944037,0.51168396668455,31.1123527416027,34.569280824003
130.910772,-12.440022,32.75,31.3725122916046,0.0584083726130725,-0.00448674451336162,-0.0164242226294167,4.25409447553412,865.327576904325,100,351.234721251683,0.153147401119228,31.265500142722,34.7394446030244
130.910766,-12.439984,33,31.3533298054631,0,-0.00520852096898689,-0.0166402888201459,4.3485197655043,869.602916711202,100,7.13602655494503,0.156546711558155,31.4220468542801,34.9133853936446
130.910771,-12.439945,33,31.3305659872696,0,-0.00531564913325644,-0.0168099074398291,4.34587513488236,873.973372830667,100,23.461325247655,0.156451504855765,31.5784983591359,35.0872203990399
130.910787,-12.439909,33,31.3073694699794,0,-0.0054271156741563,-0.0169795215952243,4.43074814101439,878.337148209198,100,41.3112805097233,0.159506933076518,31.7380052922124,35.2644503246804
130.910814,-12.439879,33,31.283266970557,-0.0559888856515871,-0.00554343458352601,-0.0171524003045524,4.45839729116795,882.778229666464,100,58.4323944477411,0.160502302482046,31.8985075946945,35.4427862163272
130.910849,-12.439858,32.75,31.2585401984701,0,-0.0051786658216976,-0.0173262959663428,3.72343809842942,887.23873486986,100,74.3957993304093,0.134043771543459,32.0325513662379,35.5917237402643
130.910882,-12.439849,32.75,31.2392732750228,-0.0656589695114874,-0.00578506427193394,-0.0175174780281049,3.80690910506666,890.959143151301,100,88.3241027418327,0.1370487277824,32.1696000940203,35.744000104467
130.910917,-12.439848,32.5,31.2172777539303,-0.0553473431978685,-0.00590207009674644,-0.0176642046466972,4.51595787138626,894.761222900729,100,105.72783360366,0.162574483369906,32.3321745773902,35.9246384193225
130.910957,-12.439859,32.25,31.1906454427478,0,-0.00603451978961524,-0.0178386641778306,4.60899236439844,899.27353832646,100,122.038473784194,0.165923725118344,32.4980983025086,36.1089981138984
130.910993,-12.439881,32.25,31.1628175908935,-0.0549840661907759,-0.00617179952617712,-0.0180173056257599,4.53018263022759,903.884926644992,100,141.570655635093,0.163086574688193,32.6611848771968,36.2902054191075
130.911019,-12.439913,32,31.1347837560061,0,-0.00607462596383807,-0.0181935997660428,4.44747229913271,908.427115486508,100,157.106643016105,0.160109002768778,32.8212938799655,36.4681043110728
130.911035,-12.43995,32,31.107654160134,0,-0.00647351970580155,-0.0184235018674158,4.4370374497207,912.893112624266,100,175.811184008852,0.159733348189945,32.9810272281555,36.6455858090616
130.911038,-12.43999,32,31.0787837324002,-0.0561793339956323,-0.00661913099372532,-0.0185945448514002,4.42397793613144,917.352823223595,100,192.699536523436,0.159263205700732,33.1402904338562,36.8225449265069
130.911029,-12.440029,31.75,31.0493589330997,-0.0360686605844459,-0.00681210865521115,-0.0187654209336132,6.89460345166797,921.798175581565,100,168.243909502733,0.248205724260047,33.3884961581163,37.0983290645736
130.911042,-12.44009,31.5,31.0021624226842,0,-0.006999021358044,-0.0190324458886957,3.69782507917397,928.726394544807,100,153.975555255209,0.133121702850263,33.5216178609665,37.2462420677406
130.911057,-12.44012,31.5,30.976179923027,-0.0547169341197158,-0.00714951135994626,-0.0191758496551733,4.55139125813677,932.438638595003,100,143.506370330015,0.163850085292924,33.6854679462594,37.428297718066
130.911082,-12.440153,31.25,30.943546074512,-0.0572035081658033,-0.00731654817199242,-0.0193524575003937,4.35986583928089,937.003047382986,100,129.551298189462,0.156955170214112,33.8424231164736,37.6026923516373
130.911113,-12.440178,31,30.9116044306444,-0.051452916703911,-0.00759090181696309,-0.0195216408721611,9.70907742737353,941.368640713246,100,116.529342784001,0.349526787385447,34.191949903859,37.9910554487322
130.911193,-12.440217,30.5,30.8379026070077,-0.0365442763868159,-0.00946304004722055,-0.0198987000433755,20.5267049358418,951.077685804068,100,108.651298009104,0.738961377690303,34.9309112815493,38.8121236461659
130.911372,-12.440276,29.75,30.6437728338788,-0.0292679987290955,-0.00924978511483233,-0.0206783394727247,8.53889438438458,971.591598606764,100,117.113441161108,0.307400197837845,35.2383114793871,39.1536794215413
130.911442,-12.440311,29.5,30.5647837679363,-0.0438757391551852,-0.00978947823578898,-0.021008112196249,11.378096058038,980.130911922669,100,125.861458115065,0.40961145808937,35.6479229374765,39.6088032638628
130.911527,-12.440371,29,30.4532926762096,-0.0466083515855919,-0.013175364952968,-0.0214466854178958,80.2729946302452,991.519417773256,100,131.913282750359,2.88982780668883,38.5377507441654,42.8197230490726
130.912078,-12.440854,25.25,29.3939397481754,-0.0733033168211326,-0.0178326202076683,-0.0246092391849115,33.9972375649022,1071.91883238752,100,130.049466792574,1.22390055233648,39.7616512965018,44.1796125516687
130.912318,-12.441051,22.75,28.7867859317655,-0.0610642583337066,-0.0228169391727438,-0.0256806179054507,49.0146043835783,1105.96259315833,100,127.396852998308,1.76452575780882,41.5261770543107,46.1401967270118
130.912677,-12.441319,19.75,27.6670215406291,-0.0434632928684182,-0.03199303655352,-0.0268293106322087,91.9015938411083,1155.03008879054,100,124.626505290809,3.3084573782799,44.8346344325905,49.8162604806561
130.913374,-12.441789,15.75,24.7234984459603,-0.0160854447164825,-0.039428593535258,-0.0268890553872902,31.0484747496158,1247.00381363169,100,127.20050030292,1.11774509098617,45.9523795235767,51.0581994706408
130.913602,-12.441958,15.25,23.4973702102094,-0.0266707129835973,-0.0442032323356077,-0.0261587916062104,74.8763842892785,1278.08513494295,100,129.07598823253,2.69554983441402,48.6479293579907,54.0532548422119
130.914138,-12.442383,13.25,20.1812566504169,0.00687731556189634,-0.0446081236508451,-0.022938698012608,108.895198159873,1353.05597508456,100,130.736008536975,3.92022713375544,52.5681564917462,58.4090627686069
130.914899,-12.443023,14,15.3134018086145,-0.0080234300139213,-0.00935340994592719,-0.0106791892714963,155.604032616326,1462.10843441196,100,128.490816325097,5.60174517418772,58.1699016659339,64.6332240732599
130.916022,-12.443895,12.75,13.8561880628087,0,0.00134852524482057,0.0024540409556709,77.3899286895401,1617.89881017651,100,134.188219712011,2.78603743282344,60.9559390987574,67.7288212208415
130.916534,-12.444381,12.75,13.9607412486563,0.00613950631053257,0.00433194363487157,0.00549424946012071,81.2418929692468,1695.43026379356,100,139.509879674679,2.92470814689289,63.8806472456502,70.9784969396114
130.917021,-12.444938,13.25,14.3135315288597,0.0214868581946367,0.00669420554580559,0.0072188082400576,69.589513461415,1776.86901349729,100,144.96842887935,2.50522248461094,66.3858697302612,73.762077478068
130.91739,-12.445452,14.75,14.7807898336372,0.0102148148664452,0.00726610650009809,0.00737289163246602,97.5573682947769,1846.66838280347,100,149.17340442522,3.51206525861197,69.8979349888731,77.664372209859
130.917852,-12.446208,15.75,15.4921078305872,0,0.00736461099495372,0.00589673936248828,6.81766450636914,1944.56200417772,100,149.47707766497,0.245435922229289,70.1433709111024,77.9370787901138
130.917884,-12.446261,15.75,15.5424927512218,0.00647604760381124,0.00612530140581243,0.00575539931989488,115.408740103599,1951.40337159666,100,149.457969753977,4.15471464372957,74.298085554832,82.5534283942578
130.918426,-12.447158,16.5,16.2518713053986,0.00265269482548381,0.00234084125658666,0.00162853000094193,93.9171779063722,2067.21313104487,100,149.46329816555,3.3810184046294,77.6791039594614,86.3101155105127
130.918867,-12.447888,16.75,16.4724809302791,0.0161336095662494,-0.00200145606998028,-0.0031136629642008,77.2584574514029,2161.45669468396,100,142.534922252411,2.78130446825051,80.4604084277119,89.4004538085688
130.919301,-12.448441,18,16.3174253399774,0.0203574197087078,-0.00527790819586166,-0.00683184230292025,49.0165325973409,2238.92798450412,100,135.862781550965,1.76459517350427,82.2250036012162,91.3611151124624
130.919616,-12.448758,19,16.0581966089066,0,-0.00674721940410709,-0.00849938103358071,53.656592977598,2288.04333747998,100,128.537528260359,1.93163734719353,84.1566409484097,93.5073788315663
130.920003,-12.449059,19,15.6957229925603,-0.0528490564269805,-0.00753062762768893,-0.00945644592741566,42.5029839862581,2341.76444747908,100,124.198426370725,1.53010742350529,85.686748371915,95.2074981910167
130.920327,-12.449274,16.75,15.3754059336511,-0.0321860680981348,-0.00765288232191845,-0.00952089303931602,38.8161547759593,2384.29888413226,100,118.575114031421,1.39738157193453,87.0841299438495,96.760144382055
130.920641,-12.449441,15.5,15.0782902367607,-0.0335756149488634,-0.00749115757577667,-0.00916007675927255,44.6725095253745,2423.12215149963,100,112.856485964242,1.60821034291348,88.692340286763,98.54704476307
130.92102,-12.449597,14,14.7437401858277,-0.0144432628092407,-0.00660995237355463,-0.00838139845508773,51.9520642984808,2467.78064245974,100,109.776910560249,1.87027431474531,90.5626146015083,100.625127335009
130.92147,-12.449755,13.25,14.4005219106535,-0.00731895457612616,-0.00523832079359233,-0.00692561393063067,34.1864542511913,2519.70435645841,100,104.902541057241,1.23071235304289,91.7933269545512,101.992585505057
130.921774,-12.449834,13,14.2215935159713,0,-0.00499127584349949,-0.00564166121244908,12.5459362349254,2553.86163035034,100,101.774229705444,0.451653704457316,92.2449806590085,102.494422954454
130.921887,-12.449857,13,14.1590359812206,0,-0.0038041136940844,-0.00518933761042112,20.1207618751457,2566.39490184568,100,100.519185654644,0.724347427505246,92.9693280865138,103.29925342946
130.922069,-12.44989,13,14.0825752587596,0,-0.00262397438420659,-0.00436959897218487,40.3485344347882,2586.49428892533,100,96.1774718280903,1.45254723965238,94.4218753261662,104.913194806851
130.922438,-12.449929,13,13.9768286119567,0,-0.00192061502584027,-0.00275247537172946,23.4061749772937,2626.79437902612,100,92.9992854715216,0.842622299182575,95.2644976253488,105.849441805943
130.922653,-12.44994,13,13.9319308065696,0.0033958635800589,0.000925465321741279,-0.00180092586464742,73.7126053285569,2650.17113573027,100,90.3462373130655,2.65365379182805,97.9181514171768,108.797946019085
130.923331,-12.449944,13.25,14.0000623735982,0,0.00274894250344533,0.00130759373767899,8.91767829298885,2723.78982891821,80,88.5691953403696,0.401295523184498,98.3194469403613,109.19924154227
130.923413,-12.449942,13.25,14.0245454797996,0,0.00290513326073552,0.0016853773681557,20.2228880743032,2732.69617908753,80,90.6309144537768,0.910029963343646,99.2294769037049,110.109271505613
130.923599,-12.449944,13.25,14.0832210117255,0,0.00512028755827038,0.00248038210138534,29.6810290420316,2752.8933134665,80,89.5701799752729,1.33564630689142,100.565123210596,111.444917812505
130.923872,-12.449942,13.25,14.2350041396519,0.0194821900302732,0.00878687286688814,0.00374442566134781,77.0818745867743,2782.53653169334,80,89.8345605232459,3.46868435640484,104.033807567001,114.91360216891
130.924581,-12.44994,14.75,14.911467148414,0.0190377053194476,0.0142938259194627,0.00699031723938328,170.910946003503,2859.5201877917,80,90.448065301774,7.69099257015765,111.724800137159,122.604594739067
130.926153,-12.449952,18,17.3514925980642,0.0308752003803109,0.0143716091094442,0.0109400372668942,40.523310472849,3030.21341467537,80,93.6229934887593,1.8235489712782,113.548349108437,124.428143710346
130.926525,-12.449975,19.25,17.9331904959343,0.0175948911507177,0.0121910415471611,0.0110355933801574,28.4483285744379,3070.68611639703,80,96.5163677454414,1.2801747858497,114.828523894287,125.708318496195
130.926785,-12.450004,19.75,18.2796088768613,0,0.00993958651095597,0.0109016193275536,64.0157858666128,3099.10052362203,80,99.4077201548106,2.88071036399758,117.709234258284,128.589028860193
130.927366,-12.450098,19.75,18.9152175437364,0.0107537844651638,0.00635200379747467,0.0102180769358143,46.5348043581299,3163.04561171029,80,104.26092717185,2.09406619611585,119.8033004544,130.683095056309
130.927781,-12.450201,20.25,19.2105481962883,0.00636869009796237,0.00664366405839623,0.00945574563038938,78.5634890461741,3209.53907896277,80,107.388627413209,3.53535700707783,123.338657461478,134.218452063387
130.928471,-12.450412,20.75,19.7321367710323,-0.00365394649315391,-0.00450731614454198,0.00808329864286968,890.037772831993,3288.04709744935,80,108.017270365201,40.0516997774397,163.390357238918,174.270151840826
130.936261,-12.452886,17.5,15.7230984599864,-0.0135233279128749,-0.00326250062020296,-0.00913991913737617,166.475755306463,4177.49239779542,80,108.389192660193,7.49140898879085,170.881766227709,181.761560829617
130.937715,-12.453358,15.25,15.1803174970032,-0.0133588158321473,-0.00235969891092737,-0.00687095423015672,56.1732304911557,4343.86141971992,80,108.955567739349,2.52779537210201,173.409561599811,184.289356201719
130.938204,-12.453522,14.5,15.0478452620362,-0.00936737441235089,-0.00201693585523929,-0.00616776993256708,26.7017870507166,4400.00078075328,80,109.977842792856,1.20158041728225,174.611142017093,185.490936619001
130.938435,-12.453604,14.25,14.994018023282,0.00524202030969719,-0.0016085255566751,-0.00585281514245681,143.139780932374,4426.68837501865,80,110.899616521689,6.44129014195684,181.05243215905,191.932226760958
130.939666,-12.454063,15,14.763880769593,-0.0031631467186553,-0.00186546279597288,-0.00439515195332733,158.124024582123,4569.76167233224,80,112.499874314735,7.11558110619553,188.168013265245,199.047807867154
130.941011,-12.454607,14.5,14.469006882264,-0.00360112006661502,-0.00241549496815203,-0.0030765695161645,277.740979363617,4727.83158716331,80,114.459290955585,12.4983440713628,200.666357336608,211.546151938516
130.943339,-12.455641,13.5,13.7982463466954,-0.00156291839699003,0.000442058434888304,0.00491640154893634,159.98253111694,5005.52176655454,80,114.739015211683,7.19921390026232,207.86557123687,218.745365838779
130.944677,-12.456243,13.25,13.8689567088925,0.0035307661950574,0.00138227159096563,0.00965140057135299,141.634874134181,5165.47880392894,80,114.691589744604,6.37356933603813,214.239140572908,225.118935174817
130.945862,-12.456775,13.75,14.0647027100449,0.018682582117056,0.00176031122420958,0.011817992337575,13.3833895716821,5307.09053765968,100,113.509996222845,0.481802024580556,214.720942597489,225.654270757684
130.945975,-12.456823,14,14.0882555067186,0.0216168545426077,0.00183294500240947,0.0119230530860332,11.5629416032877,5320.47042868246,100,116.869718002769,0.416265897718357,215.137208495207,226.116788421816
130.94607,-12.45687,14.25,14.1094503287688,0.0117648018304138,0.00194063313049325,0.0120034054858046,21.2550927219182,5332.03367705396,100,113.108548594827,0.765183337989054,215.902391833196,226.966992130692
130.94625,-12.456945,14.5,14.1506865956223,0.0068674199050471,0.00661453669346491,0.0121259297880341,291.273245844068,5353.28252333999,100,114.690230518116,10.4858368503864,226.388228683583,238.617921964455
130.948687,-12.458039,16.5,16.0770371807482,0.00756190797065836,0.00699271111392436,0.00607303783858051,231.449563576284,5644.50813449863,100,115.04419502931,8.33218428874624,234.720412972329,247.875904507507
130.950618,-12.45892,18.25,17.6953074245994,-0.00334213042215743,0.000342912020464793,-0.00276049288143364,74.7898250381916,5875.92679897228,100,118.404064267463,2.6924337013749,237.412846673704,250.867497509034
130.951224,-12.45924,18,17.720958036173,-0.0068018392841418,-0.00113460807831997,-0.00344816129703102,73.4774565885952,5950.72910696189,100,121.05268382878,2.64518843718943,240.058035110893,253.806595772578
130.951804,-12.459581,17.5,17.6375547815398,-0.00431619902555975,-0.00233429202353973,-0.00338006977539898,347.258315781355,6024.23750200816,100,124.495131826854,12.5012993681288,252.559334479022,267.696928403832
130.954442,-12.461351,16,16.826326515472,0.00256972456811016,0.00445647211508865,0.00755255706475353,97.235357565219,6371.76334044118,100,122.105471178449,3.50047287234788,256.05980735137,271.586342706441
130.955201,-12.461816,16.25,17.2598838569088,0.00832037325926716,0.00818424504401728,0.0111797438144926,60.0666112796838,6469.04981729237,100,121.082048207762,2.16239800606862,258.222205357439,273.989007157628
130.955675,-12.462095,16.75,17.7517030733969,0.0165874061565698,0.0134301770053497,0.0131563327437671,105.477340469511,6529.1418884369,100,118.110023554806,3.7971842569024,262.019389614341,278.208100776409
130.956532,-12.462542,18.5,19.1685651793741,0.00414759503240155,0.0198429673047949,0.0165817551979413,120.574867979175,6634.63393951553,100,114.291993003946,4.34069524725029,266.360084861591,283.031095495576
130.957544,-12.462988,19,21.5609706706579,0.0314187424955112,0.0230303066706057,0.0202324562489295,135.301563874595,6755.18503695872,100,109.502864941039,4.87085629948541,271.230941161077,288.44315805056
130.958718,-12.463394,23.25,24.6757960785328,0.0382601976348338,0.019239300995145,0.0209249849126796,65.3602687135806,6890.41010091366,100,106.417064874403,2.3529696736889,273.583910834766,291.057568799103
130.959295,-12.46356,25.75,25.9324731544531,0.038627244537775,0.0179616239903809,0.0202489733591501,64.7459104134363,6955.72027091984,100,104.432778610316,2.33085277488371,275.914763609649,293.64740521564
130.959872,-12.463705,28.25,27.0945169981134,0.00549648605375606,0.0175651897785861,0.0196106114221755,45.5317068726593,7020.40923642899,100,100.422902672047,1.63914144741574,277.553905057065,295.468673490547
130.960284,-12.463779,28.5,27.8935192797054,-0.0109922310082403,0.0155979887218801,0.019284152685555,68.295996715501,7065.89238328622,100,101.850136221495,2.45865588175804,280.012560938823,298.200513359167
130.960899,-12.463905,27.75,28.9578136114945,0.0302548270012498,0.0156501084863856,0.0189992027939031,66.158787416197,7134.11964233025,100,99.1004610464001,2.38171634698309,282.394277285806,300.846864855814
130.9615,-12.463999,29.75,29.9921352093341,0.01506541624466,0.0174752970346156,0.0194296132313281,66.4523116244041,7200.20462527542,100,95.9621399134983,2.39228321847855,284.786560504285,303.504957320791
130.962108,-12.464061,30.75,31.1521266502188,0.0113511385693992,0.016664432713622,0.0196764204979407,66.1520464609802,7266.57679362628,100,94.0534339685796,2.38147367259529,287.16803417688,306.15103917923
130.962715,-12.464103,31.5,32.2532448049249,0.0246633280943751,0.0180448947277171,0.0197083038702826,71.0311623541085,7332.6466229259,100,91.9762124681887,2.55712184474791,289.725156021628,308.992285673394
130.963368,-12.464125,33.25,33.533509568702,0.0412388406280075,0.0165707639360607,0.0181520787635783,60.6653692473203,7403.58778500506,100,89.3691313240118,2.18395329290353,291.909109314531,311.418900443287
130.963926,-12.464119,35.75,34.5375924310539,0.0354331803193025,0.0134621297316936,0.0151848750020814,63.5533945574678,7464.17587622199,100,87.3894607650488,2.28792220406884,294.1970315186,313.961036225586
130.96451,-12.464093,38,35.3921288667643,0.021142544255873,0.00894170898993511,0.0109677769871963,71.0237171031355,7527.64910296053,100,85.1443672356806,2.55685381571288,296.753885334313,316.801984909711
130.965161,-12.464039,39.5,36.0264386348117,-0.0153853950606291,0.00168740983132069,0.0048997070907379,113.872775820226,7598.58552724323,100,84.1080470099875,4.09941992952812,300.853305263841,321.35689594252
130.966203,-12.463934,37.75,36.218356813881,-0.0124945470912799,-0.00490685253768621,-0.0056657025729828,80.1285982982439,7712.32078785042,100,84.7386314581138,2.88462953873678,303.737934802578,324.56203987445
130.966937,-12.463868,36.75,35.8256545785545,-0.00443686269253586,-0.00701290109738624,-0.01108835603642,56.4149538043934,7792.35153680441,100,85.0187130938517,2.03093833695816,305.768873139536,326.818638026626
130.967454,-12.463824,36.5,35.4305009230667,-0.0156562526455603,-0.00847786504725213,-0.014025622205667,31.9727253694395,7848.6972875844,100,85.0060031067678,1.15101811329982,306.919891252836,328.097547041403
130.967747,-12.463799,36,35.1597664236561,-0.0173542488576007,-0.00870289600621035,-0.0152642308574287,28.8447997925282,7880.63080051433,100,87.1238699359032,1.03841279253101,307.958304045367,329.251339033104
130.968012,-12.463786,35.5,34.9090427512763,-0.0162582636769145,-0.00952657840356958,-0.0165155863867519,30.7898169329418,7909.43929623789,100,87.7204373283706,1.1084334095859,309.066737454953,330.482931710422
130.968295,-12.463775,35,34.6160832025263,-0.0175399496835274,-0.0114250089274974,-0.0173599280270183,57.0795456637829,7940.19017800296,100,89.2177228840338,2.05486364389618,311.121601098849,332.766113536973
130.96882,-12.463768,34,33.9647509834591,-0.0178184235014374,-0.0145826481372872,-0.0187178567788527,70.2341340340687,7997.19703754319,100,90.7267017057204,2.52842882522647,313.650029924076,335.575478898336
130.969466,-12.463776,32.75,32.9417832069861,-0.0245228233730648,-0.0166365535661858,-0.0190309681147057,40.8214986674218,8067.34172273428,100,92.9704296780481,1.46957395202719,315.119603876103,337.208338845033
130.969841,-12.463795,31.75,32.2634456028659,-0.0394977648468843,-0.0175248195551223,-0.0185241408096024,76.0080206559009,8108.11188693864,100,94.536696145706,2.73628874361243,317.855892619715,340.248659671269
130.970538,-12.463849,28.75,30.9329273800769,-0.0270054446908161,-0.0193348376631362,-0.0159547027361122,74.1288181553572,8184.02605007967,100,96.9004840830211,2.66863745359286,320.524530073308,343.213812397483
130.971215,-12.463929,26.75,29.5011756335493,-0.00511675524670886,-0.00968338024277416,-0.0101780604119755,195.659274566395,8258.0671852368,100,98.1118486121313,7.04373388439023,327.568263957698,351.040183380139
130.972997,-12.464177,25.75,27.6086484478157,0,0.00273143600241181,0.00819612159689614,49.8015251290973,8453.50183565643,100,98.6133324035971,1.7928549046475,329.361118862346,353.032244385303
130.97345,-12.464244,25.75,27.7445244759916,0.00889169521687248,0.00531345625199507,0.0108645458024308,28.1458386108013,8503.24698441474,100,100.02153351614,1.01325018998885,330.374369052335,354.158077929735
130.973705,-12.464288,26,27.8939157364393,0.00738206941693637,0.00653027803643597,0.0118926429334621,33.9003479201485,8531.36236684154,100,101.170215859012,1.22041252512535,331.59478157746,355.514091846541
130.974011,-12.464347,26.25,28.1150682301226,0.0144176954386477,0.00726491768114832,0.0127721870494828,34.7100044666883,8565.22759414003,100,103.159766798508,1.24956016080078,332.844341738261,356.902492025209
130.974322,-12.464418,26.75,28.3669996890956,0.02146824755907,0.00834920411358474,0.0133972811868269,34.9586081599737,8599.9047973489,100,105.509825429773,1.25850989375905,334.10285163202,358.300836351608
130.974632,-12.464502,27.5,28.6586437330312,0.0196165342150854,0.00945213482958612,0.0136715705638046,51.006896488581,8634.83474554252,100,107.38984582297,1.83624827358892,335.939099905609,360.341112211151
130.97508,-12.464639,28.5,29.1404415746902,0.0360706436391883,0.00950572073917436,0.0133361428319949,34.6578308099707,8685.80561105193,100,109.893334175561,1.24768190915895,337.186781814768,361.72742544355
130.97538,-12.464745,29.75,29.4697219469577,0.0361228260245914,0.00954867342038313,0.0126229736214894,48.4438323587307,8720.44479975287,100,111.838516970831,1.74397796491431,338.930759779682,363.665178737899
130.975794,-12.464907,31.5,29.9321281098082,0.0187942733134627,0.00870597328884411,0.0113449503853289,53.2124086499227,8768.86954827873,100,114.183183765604,1.91564671139722,340.846406491079,365.793675083896
130.976241,-12.465103,32.5,30.3953100588387,0.0154103551970151,0.00779722816940397,0.00946833262372291,32.4428507992527,8822.07098038418,100,116.678710479824,1.1679426287731,342.014349119852,367.091389115866
130.976508,-12.465234,33,30.6482818054534,0.00806272969594486,0.00724282395432228,0.00822920990641769,31.0007877563128,8854.51412742007,100,118.487514082997,1.11602835922726,343.13037747908,368.331420626118
130.976759,-12.465367,33.25,30.8728581564439,-0.0175626500857977,0.0062889012457518,0.00704503788293854,42.6855816326924,8885.52032409332,100,120.171686390711,1.53668093877693,344.667058417857,370.038843891426
130.977099,-12.46556,32.5,31.1413969663711,-0.026809452536888,0.00618119048070128,0.00541830131031308,27.9535721914206,8928.2201947325,100,122.191234168714,1.00632859889114,345.673387016748,371.156986779083
130.977317,-12.465694,31.75,31.3142778243972,-0.00738316869015848,0.00259300336963524,0.00448356019222386,203.027546746211,8956.1886996347,100,123.408895361998,7.30899168286359,352.982378699611,379.278088648931
130.978879,-12.4667,30.25,31.8410764471422,0.0102828945884257,0.00138814128458804,0.00241467584814907,145.76938936703,9159.34980935042,100,123.602623950842,5.24769801721309,358.230076716824,385.108864223612
130.979998,-12.467426,31.75,32.0435622215763,0.00634504973688463,0.00302904257996106,0.00530980465112627,78.7535381396656,9305.21799050975,100,122.810413999334,2.83512737302796,361.065204089852,388.259005749199
130.980608,-12.46781,32.25,32.2822531160441,0.0118538686109619,0.00309804113864097,0.00638373099890929,21.068332712308,9384.01852175425,80,126.570034239546,0.948074972053862,362.013279061906,389.207080721253
130.980764,-12.467923,32.5,32.3475884517853,0,0.00491121971432128,0.00676149500034858,126.88606034956,9405.10769513537,80,123.067017658327,5.70987271573019,367.723151777636,394.916953436983
130.981744,-12.468546,32.5,32.9711468995624,0.00875060466449758,0.00643094526120394,0.00778877995934192,85.6963478507503,9532.0727813286,80,117.843889506644,3.85633565328376,371.57948743092,398.773289090267
130.982442,-12.468906,33.25,33.5223262193371,0.00746308759687118,0.0070921787251466,0.00798772329860749,100.513031011903,9617.77895654579,80,114.236999042548,4.52308639553562,376.102573826456,403.296375485802
130.983286,-12.469277,34,34.2350505981539,0.0163758932255662,0.00664832904851858,0.00811841907324924,106.926175647615,9718.2716903901,80,108.002882635555,4.81167790414266,380.914251730598,408.108053389945
130.984222,-12.469574,35.75,34.9454672482063,-0.00540963131100728,0.00672242026058683,0.00805521385019701,92.5089809813304,9825.1265373698,80,104.278099429873,4.16290414415987,385.077155874758,412.270957534105
130.985047,-12.469779,35.25,35.566808663522,0.0191211530652624,0.00617808949749856,0.00864494478344243,52.3412190113668,9917.55337644501,80,103.151658733816,2.35535485551151,387.43251073027,414.626312389616
130.985516,-12.469886,36.25,35.8898757459213,0.00896075985645178,0.00791478512870352,0.00904734846394501,83.7810957576926,9969.84510387301,80,101.650549197265,3.77014930909616,391.202660039366,418.396461698713
130.986271,-12.470038,37,36.5523255843069,0.000897100729172439,0.00815160702082213,0.010109790501767,278.948067243919,10053.5411227489,80,102.490005409758,12.5526630259764,403.755323065342,430.949124724689
130.988777,-12.47058,37.25,38.8240285069183,0.0177829000635057,0.00566214427296908,0.0136539509788154,42.2118569493341,10332.2165543973,80,102.641646599555,1.89953356272003,405.654856628062,432.848658287409
130.989156,-12.470663,38,39.0628087913879,0.0300268776297662,0.00565376592460659,0.0132295715095147,41.6572467225097,10374.3874566557,80,102.655838697812,1.87457610251294,407.529432730575,434.723234389922
130.98953,-12.470745,39.25,39.2981032726145,0.031437471986951,0.00613963701725655,0.0126156202580618,23.8744360367313,10416.0043147448,80,100.476724253625,1.07434962165291,408.603782352228,435.797584011575
130.989746,-12.470784,40,39.444529439834,0.0046530131708996,0.00634559179771259,0.012160644285946,53.7833005778677,10439.853334964,80,101.459819040183,2.42024852600405,411.024030878232,438.217832537579
130.990231,-12.47088,40.25,39.7854714779208,-0.0188860632697986,0.00600044857212976,0.0111309271730145,39.7472087310684,10493.5815722598,80,101.796036768098,1.78862439289808,412.81265527113,440.006456930477
130.990589,-12.470953,39.5,40.0237347566931,0.0242230909340339,0.00813524172758806,0.0103359755836205,144.600489647724,10533.2886735397,80,102.898260757759,6.50702203414757,419.319677305278,446.513478964625
130.991886,-12.471243,43,41.1989937256395,-0.0106921933204645,0.00867076565627093,0.00873131224347508,116.998500883792,10677.7506429718,80,105.615664096871,5.26493253977065,424.584609845048,451.778411504395
130.992923,-12.471526,41.75,42.2126599895632,0,0.00950679214712228,0.00936824091977837,75.9501710840805,10794.6539131982,80,109.511349288927,3.41775769878362,428.002367543832,455.196169203179
130.993582,-12.471754,41.75,42.9343162237607,0.0237060111232212,0.00833009385036956,0.0100639854829734,42.1850004266604,10870.5611679292,80,113.954992396408,1.89832501919972,429.900692563032,457.094494222379
130.993937,-12.471908,42.75,43.2856501516618,0.0169946147693421,0.00962857482654364,0.010227105240263,29.4215864318635,10912.7366593182,80,115.284746975758,1.32397138943386,431.224663952466,458.418465611812
130.994182,-12.472021,43.25,43.5689147478269,0.0106877532882356,0.00770255593937321,0.00999522665992816,116.946457409585,10942.1549114941,80,117.09215801175,5.26259058343134,436.487254535897,463.681056195244
130.995141,-12.4725,44.5,44.4697606475436,0.0250176562803516,0.00629257562496099,0.00856556166346018,39.9498044311768,11059.1067507534,80,120.239658416007,1.79774119940296,438.2849957353,465.478797394647
130.995459,-12.472681,45.5,44.7212368742815,0.00414160498049676,0.00454229694177827,0.00747262695249783,120.691924201106,11099.0701810756,80,119.583257165389,5.43113658904978,443.71613232435,470.909933983697
130.996426,-12.473217,46,45.2696115058109,-0.00700200921380891,0.0011513618193897,0.00386577603052294,71.3484869464765,11219.7956349844,80,124.963253923585,3.21068191259144,446.926814236941,474.120615896288
130.996965,-12.473585,45.5,45.3518267297953,0,-0.00191619605353735,0.0014128389899329,18.6620996755573,11291.202543109,80,126.108839416082,0.839794485400079,447.766608722341,474.960410381688
130.997104,-12.473684,45.5,45.3160328373106,0.0118419671918613,-0.00136088915142914,0.000724656043677014,21.0904516342843,11309.8821811394,80,126.15270495398,0.949070323542792,448.715679045884,475.909480705231
130.997261,-12.473796,45.75,45.2873039454932,0,-0.00193253310574037,-4.66714830900095e-05,9.40752541192937,11330.9925515554,80,126.187500581747,0.423338643536822,449.139017689421,476.332819348768
130.997331,-12.473846,45.75,45.2691063309156,0.0170845367517529,-0.00240398938802442,-0.000401904512280435,14.6158680196189,11340.4089966706,80,127.442706799073,0.657714060882852,449.796731750304,476.99053340965
130.997438,-12.473926,46,45.2339318313708,0,-0.00285891363657662,-0.000969655428104514,7.79217634733823,11355.0406884577,80,124.774452146488,0.35064793563022,450.147379685934,477.341181345281
130.997497,-12.473966,46,45.2116368113456,0.00668754906710542,-0.00454343251287158,-0.00128080099445342,74.6819166002211,11362.8390909691,80,127.681164340338,3.36068624700995,453.508065932944,480.701867592291
130.998042,-12.474377,46.5,44.8719461416066,-0.0245304666403394,-0.0101440981309228,-0.00476013866274864,122.050794095811,11437.6037829474,80,134.082618192195,5.49228573431149,459.000351667255,486.194153326602
130.998851,-12.475142,43.5,43.6315607003169,-0.0184907875269545,-0.0154678098662087,-0.0118471752754975,94.4133204711563,11559.8761504503,80,138.460599823286,4.24859942120203,463.248951088457,490.442752747804
130.999429,-12.475779,41.75,42.1677106148512,-0.0457558382826577,-0.0165598958356246,-0.0173373322790686,103.49479482829,11654.5070873888,80,138.990046313177,4.65726576727303,467.90621685573,495.100018515077
131.000056,-12.476483,37,40.4496393744504,-0.0333983283923719,-0.0159486284104482,-0.0216315334910684,37.3247658982487,11758.2465194241,80,139.017500714936,1.67961446542119,469.585831321152,496.779632980498
131.000282,-12.476737,35.75,39.8529010555366,-0.00719435108723896,-0.0125079761821066,-0.0227256921142159,520.103934138884,11795.6596252722,80,137.265064530828,23.4046770362498,492.990508357401,520.184310016748
131.00354,-12.48018,32,33.3329874372776,0.0325844539131581,-0.00282904328342376,-0.000305197945762101,122.452344680784,12316.8929173295,80,136.990930491506,5.51035551063527,498.500863868037,525.694665527383
131.004311,-12.480987,36,32.9858219426597,-0.0223739270895042,-0.00920308248860549,-0.00835013552195874,144.9911823134,12439.607394861,80,132.834012989751,6.52460320410302,505.02546707214,532.219268731487
131.005292,-12.481875,32.75,31.6491825943251,-0.0293602517775271,-0.0136123250599222,-0.0119054748169005,110.515018156234,12584.8415176074,80,129.722036877584,4.97317581703053,509.99864288917,537.192444548517
131.006076,-12.482511,29.5,30.1427215477035,-0.0168932157929084,-0.00767228452526915,-0.00807604950105653,206.917106067577,12695.5035824697,80,128.469168344602,9.31126977304096,519.309912662211,546.503714321558
131.00757,-12.48367,26,28.5532688034887,-0.0080349501529803,0.00278461297334712,0.0111740426478824,62.1173368703408,12902.667635328,80,133.610763259197,2.79528015916534,522.105192821377,549.298994480723
131.007985,-12.484056,25.5,28.7265468072122,0.0320689410299396,0.015681806057755,0.016631088961586,108.88330329747,12964.894435789,80,135.848707772413,4.89974864838615,527.004941469763,554.19874312911
131.008685,-12.48476,29,30.4376105625267,0.054144569678133,0.0250499625219301,0.0218465835663724,137.972784305676,13073.9968877426,80,144.565871034676,6.20877529375543,533.213716763518,560.407518422865
131.009424,-12.485774,36.5,33.9048162199416,0.00726609967616155,0.0256334378956972,0.0227824516019897,171.434010558496,13212.3795459789,80,149.425804280411,7.71453047513233,540.92824723865,568.122048897997
131.01023,-12.487106,37.75,38.3154704301968,0.0273181707378654,0.0182425418912846,0.0167602421589219,91.1161139582521,13384.4082900388,80,156.577200731434,4.10022512812134,545.028472366772,572.222274026119
131.010565,-12.487861,40.25,39.9846915526513,0.016409089147851,0.00976964686515853,0.0134567566201924,91.0075124586615,13475.899703977,80,159.70723341891,4.09533806063977,549.123810427412,576.317612086758
131.010857,-12.488632,41.75,40.8777101154798,0.00489664745602547,0.00747529206404987,0.0106108068800794,101.619014047068,13567.3042514791,80,167.348524180233,4.57285563211805,553.69666605953,580.890467718876
131.011063,-12.489528,42.25,41.6410253865325,0.00983638290182378,0.00609980343457255,0.00774362415053536,50.5843574521453,13669.4141150727,80,167.918111358112,2.27629608534654,555.972962144876,583.166763804223
131.011161,-12.489975,42.75,41.9510825700635,0,0.00389706879536949,0.00670533353677115,161.835835675651,13720.2441690822,80,167.89993632447,7.28261260540428,563.25557475028,590.449376409627
131.011475,-12.491405,42.75,42.5848339324995,-0.0014626309318339,0.00312425442691608,0.00448570553459695,170.090358417477,13882.8659208189,80,169.015480336945,7.65406612878647,570.909640879067,598.103442538414
131.011775,-12.492914,42.5,43.1188480669441,0.0141741088115059,0.00429010155416524,0.00357850511349351,105.332470398191,14053.7906676465,80,163.612864761784,4.7399611679186,575.649602046985,602.843403706332
131.01205,-12.493827,44,43.5728279916147,0,0.00476231854604364,0.00407325608950164,132.876353823993,14159.6103396922,80,159.076187624925,5.97943592207969,581.629037969065,608.822839628412
131.012489,-12.494948,44,44.2083630683816,-0.00783187413209178,0.0042233344121716,0.00526407175010831,127.205375638353,14293.0601007777,80,152.229032605819,5.7242419037259,587.353279872791,614.547081532138
131.013037,-12.495964,43,44.7476047747106,0.0112644394194089,0.00253599282339289,0.00691935954917783,154.800122962144,14420.7408495955,80,150.253895677452,6.96600553329649,594.319285406088,621.513087065434
131.013747,-12.497177,44.75,45.1415710502766,0.00985826111026099,0.00145959386219228,0.00732900405140468,25.2967867136068,14576.0904339339,100,139.7269324401,0.910684321689843,595.229969727777,622.524958533979
131.013898,-12.497351,45,45.1785843632318,0.024594639817792,0.00131286975180793,0.00726317954519077,20.2641073655849,14601.449054321,100,145.145446089755,0.729507865161055,595.959477592938,623.335522828602
131.014005,-12.497501,45.5,45.2052691569168,0,0.00122937725535231,0.00718674008644368,7.83494298142383,14621.7745879977,100,132.850253765147,0.282057947331258,596.24153554027,623.648920547859
131.014058,-12.497549,45.5,45.2149174117839,0.0516593036475818,0.00119377242809065,0.00715203300921747,4.83407866421914,14629.6226671486,100,118.878054076492,0.174026831911889,596.415562372182,623.842283694428
131.014097,-12.49757,45.75,45.2206894159914,0,0.00126394769240592,0.00712927532288503,11.6355093477251,14634.457760781,100,91.6449709209444,0.418878336518104,596.8344407087,624.307704068337
131.014204,-12.497573,45.75,45.235377418593,0,0.00111705687430924,0.00707465281322121,5.4239696847399,14646.0784907117,100,67.0683388979519,0.195262908650636,597.02970361735,624.524662855726
131.01425,-12.497554,45.75,45.2414344294335,-0.011612147034276,0.00128105267473325,0.007045691630296,21.5055603703257,14651.500782504,100,52.8204959999515,0.774200173331724,597.803903790682,625.384885270539
131.014408,-12.497437,45.5,45.2690132180782,-0.0103682676612509,0.00096197002304541,0.0069462061541074,48.1046226955901,14673.0289944989,100,40.2487935772026,1.73176641704124,599.535670207723,627.309070178363
131.014695,-12.497106,45,45.3154016737027,0.00231556501123883,0.00114590505996198,0.00650855756685284,323.144917516159,14721.2513301269,100,41.3991084063558,11.6332170305817,611.168887238305,640.234866879009
131.016668,-12.494921,45.75,45.6865541271775,-0.00271529854385184,0.0023003229514193,0.00342515514058227,91.8651514860916,15045.1457817614,100,42.1376662269112,3.3071454534993,614.476032691804,643.909472938453
131.017237,-12.494307,45.5,45.8983468010153,0.00791677732342655,0.00267051864209831,0.0037805246230542,63.0434104576661,15137.2164625939,100,46.2165969928352,2.26956277647598,616.74559546828,646.43120935676
131.017657,-12.493914,46,46.0670056560749,-0.00635642705721923,0.00305161060372689,0.00513939764377942,117.711844577888,15200.3721550728,100,41.067865508064,4.23762640480398,620.983221873084,651.139683139875
131.018371,-12.493114,45.25,46.427063942278,0.00918731732348655,0.00343077369398724,0.00661553315778721,27.1535303637188,15318.3613795507,100,43.3321777158562,0.977527093093878,621.960748966178,652.225824354424
131.018543,-12.492936,45.5,46.5204179243428,0.0139358582841655,0.00369915496464884,0.00685433964812239,107.389553360865,15345.5720393394,100,42.2042777986578,3.86602392099113,625.826772887169,656.521406488859
131.019209,-12.492219,47,46.9185561971224,0,0.00384495654054692,0.00732171785661179,8.39613155045787,15453.2010682866,100,41.1389861204338,0.302260735816483,626.129033622986,656.857251750877
131.01926,-12.492162,47,46.950914936568,0.0145120377884861,0.0038761723910328,0.00732507268721689,34.3703040449754,15461.6169189324,100,40.9529502182164,1.23733094561911,627.366364568605,658.232063912676
131.019468,-12.491928,47.5,47.0844564745976,0.0186227269410744,0.00410891473442222,0.00728962433095998,53.6011427541849,15496.0686552716,100,47.0503025769147,1.92964113915066,629.296005707756,660.376109622843
131.01983,-12.491599,48.5,47.3050720084594,-0.00280280751497024,0.0044509713567827,0.00714490585487165,88.9893117001625,15549.7602761875,80,41.3685645772127,4.00451902650731,633.300524734263,664.380628649351
131.020373,-12.490997,48.25,47.7020836718449,0.0072495805978289,0.0043384885221947,0.00581104607911891,172.040904633872,15638.9563212317,80,42.4034740490312,7.74184070852423,641.042365442787,672.122469357875
131.021444,-12.489852,49.5,48.450133796667,-0.00174811849372972,0.00067716821197413,0.000116611933531216,285.361120229998,15811.3770681353,80,41.4498586954788,12.8412504103499,653.883615853137,684.963719768225
131.023188,-12.487924,49,48.6438185005699,-0.0203274603273469,-0.00361682004272215,-0.0133263875210684,12.2694915551772,16097.3985778176,80,42.1420201665846,0.552127119982976,654.43574297312,685.515846888208
131.023264,-12.487842,48.75,48.5993424866435,-0.0128097800162713,-0.00956465932594213,-0.0134972954040295,369.932289082752,16109.6955180759,80,41.4084792767136,16.6469530087238,671.082695981844,702.162799896932
131.025523,-12.485341,44,45.0527529188911,-0.00810499998204309,-0.00840700425521044,-0.00948977713616021,492.373865349249,16480.485662889,80,41.4819675473622,22.1568239407162,693.23951992256,724.319623837648
131.028534,-12.482016,40,40.9037001126314,0.0102771062107277,0.00270278327871602,0.00734632256711361,72.8076205542049,16973.9973742332,80,41.569266803754,3.27634292493922,696.515862847499,727.595966762587
131.02898,-12.481525,40.75,41.1009366679941,0.00642169898850236,0.00328909504487093,0.00712091343411898,38.8415789311586,17046.9725463983,80,41.7988788318847,1.74787105190214,698.263733899401,729.343837814489
131.029219,-12.481264,41,41.2289815085816,0,0.00389186941967627,0.00691728129117189,30.3107639943608,17085.9025186564,80,41.3836773648086,1.36398437974624,699.627718279148,730.707822194235
131.029404,-12.481059,41,41.3472215536807,0.0139718236103579,0.00599312145304283,0.00670882934119576,160.64797156022,17116.2836633887,80,40.996437867948,7.22915872020992,706.856876999357,737.936980914445
131.030377,-12.479966,43.25,42.3122929447161,0.00673950412242589,0.00657468094770636,0.00437412996149463,222.049084809367,17277.3115758464,80,41.374299617859,9.99220881642153,716.849085815779,747.929189730867
131.031732,-12.478464,44.75,43.7756074598855,0,0.00153626593849542,-0.00284174989310238,34.5864774059249,17499.8765097385,80,41.3610034563488,1.55639148326662,718.405477299046,749.485581214134
131.031943,-12.47823,44.75,43.8288650465135,-0.0118800253593454,-0.00548196721698216,-0.00388900249922273,293.917736266902,17534.5433883013,80,41.4437889235292,13.2262981320106,731.631775431056,762.711879346144
131.033739,-12.476244,41.25,42.2138706152697,-0.0137593732039994,-0.0219483737579248,-0.0123800366314742,453.157774179015,17829.1416938676,80,41.4435610778139,20.3920998380557,752.023875269112,783.1039791842
131.036508,-12.473182,35,32.2431613824858,-0.0385109595634128,-0.0131434763081487,-0.0219716008315407,187.732937808021,18283.3488357894,100,41.5710609630464,6.75838576108877,758.782261030201,790.613296696521
131.037658,-12.471916,27.75,29.7698764690443,-0.00317937918599195,-0.00574369611662304,-0.00959012684401437,235.353814284181,18471.5138564453,100,41.6170335122562,8.4727373142305,767.254998344431,800.027449267888
131.039101,-12.47033,27,28.4149563125772,0.0144258447795982,0.000983155280411351,-0.000422133955948711,242.046433963105,18707.4081707157,100,41.5817035735574,8.71367162267178,775.968669967103,809.709306626412
131.040584,-12.468698,30.5,28.6534730816033,-0.00629107532210124,-0.000996441265648788,-0.00428711317067849,118.943376358965,18950.0114470533,100,41.7394142018733,4.28196154892272,780.250631516026,814.467041680771
131.041315,-12.467898,29.75,28.5346823663297,-0.0406612582766512,-0.00107438215022346,-0.00241864223035878,67.5168334024936,19069.2263772786,100,51.9110741887758,2.43060600248977,782.681237518515,817.16771501687
131.041805,-12.467523,27,28.4620598331226,0.00511734606388231,-0.000671759875444389,-0.000567427492041636,48.830727112783,19136.8210457579,100,58.5852740197971,1.75790617606019,784.439143694575,819.120944101382
131.042189,-12.467294,27.25,28.4292423284898,0.0108112392127042,-0.000100720255619235,0.000829360536941364,69.4084567141555,19185.6740673449,100,70.4266996048814,2.4987044417096,786.937848136285,821.897282369948
131.042791,-12.467085,28,28.4222554098451,0.0117531341841039,0.000213150870436235,0.00263119669794148,42.5834802168572,19255.0436154877,100,78.5416483006334,1.53300528780686,788.470853424092,823.600621578622
131.043175,-12.467009,28.5,28.4313228235077,0.00720882865905827,0.00137877548009479,0.00363758442469644,69.4442074279658,19297.5835005313,100,85.6787175860417,2.49999146740677,790.970844891499,826.378389875741
131.043812,-12.466962,29,28.526952261742,0.00777423670781139,0.00171130130535734,0.00477125801965239,32.1976470123221,19366.9416948255,100,88.0184102694746,1.1591152924436,792.129960183942,827.666295756234
131.044108,-12.466952,29.25,28.5819823747853,0.00667562202260205,0.00641028070868912,0.00514625310859322,412.46609073183,19399.0985447919,100,90.4798557579632,14.8487792663459,806.978739450288,844.164939385507
131.047902,-12.466983,32,31.2226728581099,-0.00781270115135715,-0.00558336259361121,-0.00629294962203076,384.47151334099,19811.0390561479,100,88.9218436538447,13.8409744802757,820.819713930564,859.543799919146
131.051438,-12.466918,29,29.0787381663794,-0.0140646022881448,-0.0134803087952999,-0.0121005364460308,480.509055040886,20195.021356678,100,90.2261658944114,17.2983259814719,838.118039912036,878.764162120782
131.055858,-12.466935,22.25,22.60919183222,0.0107649712793991,0.0101921691376187,0.00944370016488531,627.809754912681,20674.9179635295,100,90.041267073236,22.6011511768565,860.719191088892,903.876552317289
131.061633,-12.466939,29,29,-0.000689084423962978,-0.00371108932725831,-0.000689084423962978,726.526385473452,21301.9274633632,100,89.7548717418331,26.1549498770443,886.874140965937,932.937607736227
131.068316,-12.466911,28.5,26.3072198068124,-0.0220859970391337,-0.0109397292790039,-0.0192418107242012,237.971836113655,22027.5278447866,100,90.2414931970026,8.5669861000916,895.441127066028,942.456481180773
131.070505,-12.46692,23.25,23.7070867593351,-0.0134548498277595,-0.0123094453407365,-0.0172783677585684,167.429104120795,22265.1963696996,100,89.2762382487209,6.02744774834862,901.468574814377,949.153645345605
131.072045,-12.466901,21,21.6486483592323,-0.0193358520464069,-0.0187157078015715,-0.0158391685621364,375.382894663715,22432.4122251291,100,90.1703096250157,13.5137842078937,914.982359022271,964.168961132154
131.075498,-12.466911,13.75,14.631227365555,-0.000654329899247891,-0.00307743944696434,-0.00149729239162954,382.55783178463,22807.3166476707,100,89.8336301220439,13.7720819442467,928.754440966517,979.471274403539
131.079017,-12.466901,13.5,13.4554257070804,0.0104184147974626,-0.00325400443744404,-0.00529794034882615,72.0771721600745,23189.386861195,100,89.6460526141565,2.59477819776268,931.34921916428,982.354361289942
131.07968,-12.466897,14.25,13.2211843480776,0.00683430409574895,-0.0039601708959677,-0.00667690497371087,36.6236478526993,23261.3721755199,100,83.8925919050994,1.31845132269718,932.667670486977,983.81930720405
131.080015,-12.466862,14.5,13.0763221248852,-0.00796629277945077,-0.00449716136169979,-0.00723391330607288,31.4160680957864,23297.9517751654,100,80.4135509054231,1.13097845144831,933.798648938426,985.075949927881
131.0803,-12.466815,14.25,12.9351932249603,-0.00615583101613376,-0.00476458084941397,-0.0076440413245922,40.6401644887235,23329.3333372563,100,72.6358338329136,1.46304592159405,935.26169486002,986.70155650743
131.080657,-12.466706,14,12.7416955189974,-0.0246865810131808,-0.0052358355183987,-0.00796785296830373,60.7588961153694,23369.9447253016,100,65.2185739583966,2.1873202601533,937.449015120173,989.131912352045
131.081165,-12.466477,12.5,12.4236186847929,-0.0287888532154775,-0.00513889238312521,-0.00809765726866756,60.7144458819217,23430.6941370236,100,54.0309249352418,2.18572005174918,939.634735171922,991.560490187322
131.081618,-12.466156,10.75,12.1113222507864,-0.0163343707446166,-0.0050104871904478,-0.00764509043189733,45.8283933763595,23491.464758717,100,45.9649220023909,1.64982216154894,941.284557333471,993.393625922376
131.081922,-12.465869,10,11.8812820076637,0,-0.00414626619045216,-0.00703669747072961,62.8603417129562,23537.3761260798,100,36.4549159588847,2.26297230166642,943.547529635137,995.908039590895
131.082267,-12.465413,10,11.6198986412235,0,-0.00255000025883016,-0.00582931811993691,58.9795468473401,23600.4164270574,100,28.24201413196,2.12326368650424,945.670793321642,998.267221464788
131.082525,-12.464944,10,11.468944734166,0.0121836647791649,0.0024482794742774,-0.00443593343984251,286.116476845,23659.6139033486,100,25.0688878635959,10.30019316642,955.970986488062,1009.71188053859
131.083646,-12.462604,13.5,12.1722283055252,0.0139487907029626,-0.000798352225613154,-0.0017880438215386,35.702189269567,23946.8695755748,100,25.4766341669127,1.28527881370441,957.256265301766,1011.13996810937
131.083788,-12.462313,14,12.1436128995947,-0.020817093886494,-0.0049869709613148,-0.00214271249432609,167.449602077604,23982.7126520177,100,25.7233568110072,6.02818567479374,963.28445097656,1017.83795219248
131.08446,-12.460951,10.5,11.3052623705662,-0.00275850205469821,-0.00517295863052817,-0.00197388897685409,180.53010003244,24150.8194217639,100,24.5267847038326,6.49908360116784,969.783534577728,1025.05915619377
131.085153,-12.459468,10,10.3676173100711,-0.00308304611990069,-0.000149596126949334,0.00248693569834016,80.7928760706995,24332.0767570359,100,28.6434835153931,2.90854353854518,972.692078116273,1028.2908712366
131.085511,-12.458828,9.75,10.3554868027524,-0.0130294953353424,0.00148460351468843,0.00511596344417371,57.3876025375731,24413.1651346272,100,35.3883940394615,2.06595369135263,974.758031807626,1030.5863753381
131.085818,-12.458406,9,10.440938342907,0.0142578756186807,0.00354846027107963,0.00684253103174852,69.9843199979339,24470.7235847652,100,43.3019840677249,2.51943551992562,977.277467327551,1033.38574813802
131.086261,-12.457947,10,10.6897997303519,0.0248902501860949,0.00538840836535569,0.00895596719129715,70.2060561260252,24540.8555078851,100,50.981116313472,2.52741802053691,979.804885348088,1036.19399038306
131.086764,-12.457549,11.75,11.0685768989685,0.00854296951211325,0.00848737362308249,0.0105735567220286,116.983695734604,24611.1496424425,100,57.2806340546192,4.21141304644574,984.016298394534,1040.87333821245
131.087671,-12.45698,12.75,12.0620687910201,0.0172651091852225,0.0114997739666572,0.0122160158222567,144.707211962775,24728.2021112616,100,57.6885246003989,5.2094596306599,989.225758025194,1046.66162669096
131.088798,-12.456284,15.25,13.7271521236267,0.0120244084665062,0.0128510003895036,0.0118549118647255,270.189648350279,24872.9884294318,100,60.1987506778003,9.72682734061005,998.952585365804,1057.46921262497
131.090958,-12.455076,18.5,17.2005901446104,0,0.00355440553966171,0.0045008789773591,626.722647705981,25143.2589689163,100,58.1233842471011,22.5620153174153,1021.51460068322,1082.53811853321
131.095862,-12.452098,18.5,19.4293468253207,0.0114288672261948,0.0016778519912264,0.00570782664046069,131.208995939542,25770.2969559848,100,60.7895353219686,4.72352385382352,1026.23812453704,1087.78647837079
131.096917,-12.451522,20,19.6495498181485,0.00311597694695443,0.00150512989868413,0.00425376352199806,80.2035365721913,25901.5378445385,100,59.7033763756663,2.88732731659889,1029.12545185364,1090.99461983368
131.097555,-12.451158,20.25,19.7703085873583,-0.000642969721939819,0.00134824235705314,0.00344119094800663,388.63235782564,25981.7692439185,100,58.3088446504256,13.990764881723,1043.11621673536,1106.5399141467
131.100602,-12.449321,20,20.2945335011379,0.00223054967506135,0.00228817422034918,0.00266943245187146,336.03906092556,26370.5899877553,100,57.2015675832416,12.0974061933202,1055.21362292868,1119.98147658372
131.103205,-12.447683,20.75,21.0639092444372,0.0131125320698014,0.000685622566249666,0.00154626871030724,76.1742179625077,26706.8294199217,100,52.3413417616517,2.74227184665028,1057.95589477534,1123.02844530222
131.103761,-12.447264,21.75,21.1161938355905,-0.00987468473639738,0.000269866793402989,0.000962036288456837,75.845090501655,26783.0879702298,100,49.8951065405384,2.73042325805958,1060.68631803339,1126.06224892229
131.104296,-12.446824,21,21.1366900363997,0,-8.6298347074727e-06,0.000648797599034232,76.5435587172804,26859.0372934246,100,46.2347118407638,2.75556811382209,1063.44188614722,1129.12399127098
131.104806,-12.446347,21,21.1360283014938,0.00320577428624855,-7.29975511004361e-05,0.000339974596715574,77.8202403772579,26935.7171984729,100,43.3484759070672,2.80152865358129,1066.2434148008,1132.23680088607
131.105299,-12.445837,21.25,21.1303356595104,-0.00499759293846476,-0.000718377044821761,-2.51556437187651e-06,149.637299339312,27013.7012114635,100,36.1346517902247,5.38694277621525,1071.63035757701,1138.22229285965
131.106114,-12.444747,20.5,21.0225280814643,0.0178554872151454,-0.00273578179600607,-0.00205036705692078,111.606316796826,27163.7722086897,100,30.145776665722,4.01782740468572,1075.6481849817,1142.68654553152
131.106632,-12.443876,22.5,20.7161239108843,-0.0216896114504606,-0.00509171219504116,-0.00470187721146722,126.255220782258,27275.770689928,100,24.0613649958739,4.54518794816128,1080.19337292986,1147.73675436281
131.107108,-12.442835,19.75,20.0706474459329,-0.00813813707081477,-0.00676239110278343,-0.00702497118498627,152.90059839586,27402.5396160003,100,17.824936562185,5.50442154225097,1085.69779447211,1153.85277829864
131.107541,-12.44152,18.5,19.0319661060417,-0.00979021609702145,-0.00569809437381415,-0.0072370604098905,152.461659319865,27556.1340312172,100,11.114772449352,5.48861973551515,1091.18641420763,1159.95124467144
131.107813,-12.440168,17,18.1589556535896,-0.000569968984847995,-0.00117051216726533,-0.0057916668302808,3054.68892934745,27709.3433230922,100,3.28068551605129,109.968801456508,1201.15521566413,1282.13880184534
131.109431,-12.412601,15.25,14.5650811431273,-0.0182178701159509,0.00132387725147632,-0.000708573096826174,95.5639184036617,30779.6854943637,100,6.03574715454618,3.44030106253182,1204.59551672667,1285.96135858148
131.109524,-12.411742,13.5,14.6922381717189,0.00381464061505522,0.00437849992283728,0.00286099317345143,130.438534830151,30875.7343947905,100,12.0027140854387,4.69578725388545,1209.29130398055,1291.17889997469
131.109775,-12.410589,14,15.2661463202588,0.0177954675313589,0.00726816122519325,0.0066246479082892,125.863307913793,31006.8077055441,100,19.1556882040712,4.53107908489656,1213.82238306545,1296.21343229124
131.110157,-12.409515,16.25,16.1850277362847,0.0170903501695285,0.00751104196083176,0.00716454110039993,131.141383578317,31133.231048006,100,27.0890922442267,4.72108980881941,1218.54347287427,1301.45908763437
131.110709,-12.408461,18.5,17.1738030758771,0,0.00547897803274818,0.00498753008144615,130.679451533152,31264.8714715998,100,34.2879905632371,4.70446025519348,1223.24793312946,1306.6862656957
131.111389,-12.407487,18.5,17.8920168045632,-0.00370727056764505,0.00224379017465504,0.00246830497981027,134.562970564873,31395.9555054552,100,41.8139469118078,4.84426694033543,1228.0922000698,1312.06878451829
131.112217,-12.406583,18,18.1946361602019,-0.00359445092254595,0.00133838719985891,0.00177802194789619,138.908673640804,31530.8250004738,100,49.7073961807083,5.00071225106894,1233.09291232087,1317.62513146393
131.113194,-12.405774,17.5,18.3808095513277,0.0176616181253869,0.00169287648273572,0.00213811786430384,127.304405260695,31669.9277055673,100,57.1146783748699,4.58295858938502,1237.67587091025,1322.71730767435
131.114179,-12.405152,19.75,18.5964511557045,-0.00822439820773781,-0.00635817786466908,0.00178714318559006,820.679150087342,31797.3093548361,100,63.0253225641221,29.5444494031443,1267.2203203134,1355.54447367785
131.120914,-12.401804,13,13.3781591701553,0.00204086020083086,0.000945530862104114,0.0017693638278888,122.442621161448,32618.0195924958,100,58.7198783820507,4.40793436181213,1271.62825467521,1360.44217852431
131.121878,-12.401232,13.25,13.4939840844181,0.00527200592617719,0.000770176505495081,0.0012619075825919,94.7364273701253,32740.5167889258,100,52.518779320694,3.41051138532451,1275.03876606053,1364.23163561911
131.122571,-12.400713,13.75,13.5670273940337,0,0.000620665414548429,0.000904885027667221,47.1911167803302,32835.356471326,100,47.716171439159,1.69888020409189,1276.73764626462,1366.11928029032
131.122893,-12.400427,13.75,13.5963646832596,0,0.000482122087297437,0.000783338801867394,79.4877388241448,32882.6239438983,100,45.4978325658723,2.86155859766921,1279.59920486229,1369.29878984329
131.123416,-12.399925,13.75,13.6347589921157,-0.00496854748547378,0.000355619100108655,0.000692563287426175,50.1945051992243,32962.260008897,100,40.5168700241056,1.80700218717208,1281.40620704947,1371.30657005126
131.123717,-12.399581,13.5,13.6526523598358,0.00300593449731888,0.000256349898902251,0.000711341543248303,82.9451059425217,33012.576111042,100,38.049147642456,2.98602381393078,1284.3922308634,1374.62437428896
131.124189,-12.398992,13.75,13.6739726125435,0,0.000275683339322025,0.000854443665074849,52.2660384176719,33095.744672184,100,32.4390924229618,1.88157738303619,1286.27380824643,1376.71501582567
131.124448,-12.398594,13.75,13.6884288586077,0.00438485198532846,0.00467884545923263,0.00099171019319794,3067.35179162532,33148.1825370675,100,28.0323613617261,110.424664498512,1396.69847274494,1499.40908749068
131.13777,-12.374154,27.25,28.0935832436613,0.00596380105846593,0.00331824509087246,0.00666599658579839,166.990755853659,36226.9440377722,100,23.6785581470551,6.01166721073173,1402.71013995568,1506.08871772482
131.13839,-12.372773,28.25,28.6499763723095,0.0117231859356426,0.00346851570152236,0.0055064646815456,127.355420899583,36394.6203459736,100,16.3696954854607,4.58479515238499,1407.29493510806,1511.18293456081
131.138722,-12.371669,29.75,29.0937598367668,0,0.00275299985450587,0.00398317510501707,126.211884149243,36522.5660504144,100,8.5685245495777,4.54362782937274,1411.83856293743,1516.23140992678
131.138896,-12.370541,29.75,29.4429613171088,0.00088914727321336,0.00168593687396715,0.00249936907527202,279.737076554433,36649.409717903,100,4.14251027398604,10.0705347559596,1421.90909769339,1527.42089298896
131.139083,-12.368019,30,29.9169935943895,0.000309493436627386,-0.000851651156372747,0.000427822168277469,1607.31909386397,36930.5779131499,100,4.14092821392394,57.8634873791029,1479.7725850725,1591.71365674351
131.140157,-12.353528,30.5,28.5411141179701,-0.0234947078348945,-0.00360318482046517,-0.00673526427190486,158.763464037713,38546.1210066779,100,0.819009588242866,5.71548470535767,1485.48806977785,1598.06419530502
131.140178,-12.352093,26.75,27.9661116390594,0.00460337811577107,-0.00187564811153805,-0.000984134561467895,108.065336073366,38705.7020493252,100,354.318084314213,3.89035209864119,1489.37842187649,1602.38680874796
131.140079,-12.351121,27.25,27.7623876547514,0.0108790665221898,-0.0007332566982042,0.00131393220548896,68.5879572047478,38814.3171696939,100,354.393765678433,2.46916645937092,1491.84758833587,1605.13032703615
131.140017,-12.350504,28,27.7118391150457,-0.00116959133533154,0.000175795883775022,0.00190509181262243,212.697249041241,38883.2541882988,100,349.813953189205,7.65710096548467,1499.50468930135,1613.6382169978
131.139669,-12.348612,27.75,27.7494154462214,0.00358750584587749,-4.1029492159441e-05,0.000835435755166997,138.665418518733,39097.0039643552,100,354.678426411311,4.9919550666744,1504.49664436802,1619.18483373855
131.13955,-12.347364,28.25,27.7436970839489,-0.00614973098085114,-0.000576315826717732,-9.28003182259022e-05,121.331089197971,39236.3759616273,100,2.14386202125585,4.36791921112694,1508.86456357915,1624.03807730647
131.139592,-12.346268,27.5,27.6734124698292,-0.00350030486919895,0.00187872709447784,0.000831324729010191,142.139826740763,39358.3309784424,100,10.0286133576823,5.11703376266747,1513.98159734182,1629.7236703761
131.139821,-12.345003,27,27.9417778983076,0.0120209167979117,0.00875909488148062,0.00333484873215055,351.905077925847,39501.175095358,100,16.5300866059453,12.6685828053305,1526.65018014715,1643.79987349313
131.140747,-12.341955,31.25,31.0384894692004,0.00960284342696351,0.00375991146787183,0.00346386028847792,51.826350099259,39854.7084703644,100,16.4832608929621,1.86574860357332,1528.51592875072,1645.8729274971
131.140883,-12.341506,31.75,31.2342551109228,-0.00283056173408764,0.000961380647969997,0.00301110003208896,175.772358213567,39906.7747812033,100,10.0937786513567,6.32780489568842,1534.84373364641,1652.90382182564
131.141168,-12.339942,31.25,31.404076239539,0.000525337304379872,-3.83561846221138e-05,0.001639825021348,946.925627561673,40083.4176922662,100,4.33322122908453,34.0893225922202,1568.93305623863,1690.78084692811
131.14183,-12.331407,31.75,31.3675699979371,-0.0044605365050621,-0.00121101231968108,-0.00279323341336889,111.518898120203,41035.1870599369,100,0.721850051938352,4.0146803323273,1572.94773657096,1695.24160285292
131.141843,-12.330399,31.25,31.2318234483116,-0.00190339710954263,-0.00102011628985186,-0.00190419599091665,130.675216027535,41147.2804557344,100,355.778692131354,4.70430777699128,1577.65204434795,1700.46861149402
131.141754,-12.329221,31,31.0978372970954,-0.00190354597996087,-0.000473385279874505,-0.00079316709507116,130.693087186346,41278.6244074703,100,348.64668520214,4.70495113870845,1582.35699548666,1705.69633498147
131.141516,-12.328063,30.75,31.0356658617255,0,0.000830690549574479,0.000640925716593479,128.442506466871,41409.9580871788,100,340.111633321531,4.62393023280736,1586.98092571947,1710.83403524015
131.141112,-12.326972,30.75,31.1428316506698,0.00748512653309662,0.00187629815704839,0.00174257814472385,133.078000954564,41538.9661327733,100,333.798206353018,4.79080803436431,1591.77173375383,1716.15715527833
131.140569,-12.325894,31.75,31.3934974622927,-0.00381127499228481,0.00222929178331246,0.00217071383558868,130.783270720218,41672.5619136599,100,325.730947460146,4.70819774592786,1596.47993149976,1721.38848610714
131.139889,-12.324919,31.25,31.6859566375963,0.00737254820341427,0.00196885486118342,0.0020723835923179,135.322906160464,41803.75097245,100,318.458956189344,4.87162462177672,1601.35155612153,1726.80140235356
131.139061,-12.324006,32.25,31.9530042958398,0.00321097936863337,0.00143282451502893,0.00148056485942294,77.7448351950208,41939.3868278135,100,310.743901481536,2.79881406702075,1604.15037018856,1729.91119576136
131.138518,-12.323549,32.5,32.0645606472459,-0.00396472823074502,-0.003079924028797,0.000989777392188969,692.920859227986,42017.244425792,100,306.597897003049,24.9451509322075,1629.09552112076,1757.62803013048
131.133392,-12.31983,29.75,29.928279674534,0.00419376352152217,0.00135043471559299,0.00277377029056591,416.801540735753,42710.8570596952,100,308.069322583302,15.0048554664871,1644.10037658725,1774.30009175991
131.130368,-12.317516,31.5,30.4917945990178,-0.00974494351655914,-0.00185021433508899,-0.00343060049835729,179.275724409872,43128.1408983149,100,312.690402048594,6.45392607875539,1650.55430266601,1781.4711207363
131.129153,-12.316421,29.75,30.1595426694812,0,-0.00137920239336899,-0.00138827680276797,70.1932156078045,43307.7155260235,100,318.515760215678,2.52695576188096,1653.08125842789,1784.27884936062
131.128724,-12.315947,29.75,30.0625074179485,0.00207694413875419,-0.000823608786265444,-0.000714846936843913,120.142061768729,43378.071545178,100,314.668081257036,4.32511422367424,1657.40637265156,1789.08453183136
131.127936,-12.315186,30,29.9633704487761,9.09637891620763e-05,0.000104291640170121,2.58198685603056e-05,2741.65833165168,43498.4405218204,100,319.589173605186,98.6996999394606,1756.10607259102,1898.75086509743
131.111537,-12.296366,30.25,30.25,-0.000427357920143489,-0.000427357920143489,-0.000427357920143489,1167.12359240083,46246.786887043,100,319.651276688747,42.0164493264299,1798.12252191745,1945.43580879346
131.104565,-12.288347,29.75,29.75,-0.00509233376551553,-0.00492930162386354,-0.00509233376551553,587.65558501726,47416.7663024074,100,319.990584110313,21.1556010606214,1819.27812297807,1968.94203219416
131.101079,-12.284289,26.75,26.8460472155406,0.0019145615515343,0.00188594824988891,0.00166937714352636,390.804675257271,48005.8820607671,100,319.02941921073,14.0689683092618,1833.34709128733,1984.57421920445
131.098715,-12.281629,27.5,27.5848383685391,0,0.00216861143674926,0.00280547196270825,162.4716243354,48397.6161802642,100,316.100619289146,5.84897847607441,1839.19606976341,1991.07308417786
131.097676,-12.280574,27.5,27.9378994073105,0.00363948270456647,0.00363813787758835,0.00466437757444494,137.259882060331,48560.4210420854,100,305.530680597394,4.94135575417191,1844.13742551758,1996.56347946028
131.096647,-12.279856,28,28.4377146504431,0.00839181128218281,0.00517040206790235,0.00591368187634006,148.942781526097,48697.8025968134,100,297.137094070161,5.36194013493949,1849.49936565252,2002.52119072132
131.095427,-12.279245,29.25,29.2078592884069,0.0093585448153366,0.00521828152847536,0.00610481532029524,160.420160283782,48846.7538321455,100,284.052832704298,5.77512577021614,1855.27449142274,2008.93799713267
131.093996,-12.278895,30.75,30.0442355603516,0.00158101207161319,0.00428057442157176,0.00521336923659118,158.314583371368,49007.0304817915,100,276.500563048863,5.69932500136924,1860.97381642411,2015.27058046753
131.09255,-12.278734,31,30.72111163815,0.00493161920825866,0.00470435943304541,0.00400449505682953,406.056651419169,49165.1569099123,100,271.633644207207,14.6180394510901,1875.5918558752,2031.51284652429
131.088819,-12.27863,33,32.6289458809692,-0.00340192596049037,-0.00186109257481042,-0.00219063081639002,367.903657479193,49570.6999377909,100,271.248147669776,13.2445316692509,1888.83638754445,2046.22899282346
131.085438,-12.278558,31.75,31.9451098842386,-0.000570104462761112,0.000724254605999587,-0.00101211755444611,878.146109597397,49938.137440073,100,270.892683561543,31.6132599455063,1920.44964748995,2081.35483720736
131.077367,-12.278435,31.25,32.580304573525,0.0118443067348542,0.00244155540142874,0.00653994271481204,105.659281490163,50815.1695955635,100,275.380813098848,3.80373413364587,1924.2533816236,2085.58120846696
131.0764,-12.278346,32.5,32.8379648711061,0.0167850154687945,0.00149106438405647,0.00390881275021885,104.355688471649,50920.7005965978,100,281.567529888113,3.75680478497936,1928.01018640858,2089.75543600583
131.07546,-12.278158,34.25,32.9934082518303,-0.00299236013416617,0.000358557672543584,0.00169611482765472,83.6034104391749,51024.9504648051,100,287.585175973186,3.00972277581029,1931.01990918439,2093.09957242339
131.074727,-12.277931,34,33.0233642565917,-0.0150884680832408,-0.000323498243369873,0.000716524474192527,99.4341459638161,51108.4963090904,100,293.187607443987,3.57962925469738,1934.59953843909,2097.07693826195
131.073886,-12.277579,32.5,32.9912065481591,-0.00627873270393167,-0.000529095600904703,0.000562722864939279,79.626807164993,51207.9024356145,100,297.348166497136,2.86656505793975,1937.46610349703,2100.26201054855
131.073235,-12.27725,32,32.9490731493944,0.0150540288991984,0.000115744590443353,0.0010222441065091,66.4026917340994,51287.5352935725,100,299.704072171538,2.39049690242758,1939.85660039945,2102.91811821791
131.072704,-12.276954,33,32.9567611808251,0.00421282269429063,0.00190993271389615,0.00136159230612654,296.350627941457,51353.9576755337,100,308.606537284673,10.6686226058925,1950.52522300535,2114.77214333557
131.07057,-12.275289,34.25,33.5234607180964,-0.00633821964788487,-0.00190083963754911,0.0636947259334395,433.232882114497,51650.6690958214,100,310.905042184744,15.5963837561219,1966.12160676147,2132.10145862015
131.067552,-12.272734,31.5,32.698742486447,1.23344966264933,-0.000750737259810571,0.588450924123532,0.788599449517568,52084.5390667908,100,304.304091939141,0.0283895801826324,1966.14999634165,2132.13300259813
131.067546,-12.27273,33.75,32.6981500065718,0,0,0.588676716803442,0,52085.328264018,100,0,0,1966.14999634165,2132.13300259813
